MaterialNumber;HSN
3B105M58QE1-CVF;9999
36091M69S11;9999
33850M66T10;9999
3B440M58Q02;9999
3F100-69T12;9999
3B440M58QA2;9999
3E130-63V00-XT;9999
64220M80T01-008;9999
3B105M58QB1-CVF;9999
95544M60Q20;9999
95431M60Q00;9999
95747M60Q00;9999
95330M60Q00;9999
990J0M69RTE-550;9999
990J0M69RTE-570;9999
990J0M53TTE-260;9999
990J0M53TTE-270;9999
MA5YZ01D000;9999
MAGOP000000;9999
MAAB3016000;9999
MA7143OQ000;9999
MA42R00C000;9999
MA42C00A000;9999
MAFQK009000;9999
MAAYY002000;9999
MABQD00M000;9999
MAFPU02V000;9999
3B105M58QA1-CVF;9999
MA2LW03I000;9999
MA98T001000;9999
MA1E709Y000;9999
MAE3W001000;9999
MA6WM004000;9999
MA8FF0G5001;9999
MA8FF0EC009;9999
MACVE002000;9999
MA1V80M5000;9999
MA9RP005000;9999
MA22G097000;9999
MA1DY0XX000;9999
MAFNT05Z000;9999
MA7143PB000;9999
MA8NM004000;9999
MA8NM006000;9999
MAGOS000000;9999
MAFAY00A000;9999
MA7R500X000;9999
MA6Q20BO000;9999
IA9EL00M000;9999
MAGOV000000;9999
MAGOH000000;9999
MA59N00C000;9999
MA8ZE00K000;9999
MAAVI005000;9999
MAFMC004000;9999
MA9KT07J000;9999
MAAER00Z000;9999
MABAN00B000;9999
MAFMN02F000;9999
MABML020000;9999
MABML021000;9999
MA6Q20BM000;9999
MA3OB09G000;9999
95431M60Q10;9999
95544M60Q10;9999
95551M60Q00;9999
95544M60Q00;9999
MA8EB01B000;9999
MA9JI01X000;9999
MA7143PA000;9999
MACSS00A000;9999
MA42C008000;9999
MAB5J00D000;9999
MA8G500K000;9999
MAGC4003000;9999
MA98T001001;9999
MA22D020000;9999
MA8FF0G5000;9999
MACVE001000;9999
MAFBU002000;9999
MAF74005000;9999
MA8Z006N000;9999
MABV800C000;9999
MA1Q30KW000;9999
MA47201O000;9999
36091M69S01;9999
990J0M69RTE-560;9999
990J0M53TTE-280;9999
MA8NM003000;9999
MA16T08D000;9999
MAGOT000000;9999
MAFAY00B000;9999
MA0OI135000;9999
MAAHL019000;9999
MA9P206J000;9999
MAGOR000000;9999
MA9KT07F000;9999
MA2FL02R001;9999
MA2FL02R002;9999
MAFMN02F001;9999
MABML01Z000;9999
MABML022000;9999
MA3OB097000;9999
MA3OB09B000;9999
3B105M58QC1-CVF;9999
36061M53B61;9999
36061M53B71;9999
MAGOG000000;9999
MA7143OP000;9999
MACSS00C000;9999
MA42C00B000;9999
MAACQ00Y000;9999
MACTM003000;9999
MA2FB00I000;9999
MA1RW0N8000;9999
MAB8Y003000;9999
MA6Q00FX009;9999
MAB8Y004000;9999
MA1V80M4000;9999
MA1V80M8000;9999
MA7QQ036000;9999
MA47201P000;9999
MA8NM005000;9999
MA15V01C000;9999
MA1G4019000;9999
MA9P206I000;9999
MACOF002000;9999
MA9KT07D000;9999
MA2FL02R003;9999
MAFMN02G000;9999
MAC1O00J000;9999
MAA3S08V000;9999
MA3OB099000;9999
3B105M58QD1-CVF;9999
MA7QQ038000;9999
MA8EB01A000;9999
MA5CB0JC000;9999
MA42C009000;9999
MA9R500O000;9999
MA2SV00O000;9999
MA8G0009000;9999
MADMD049001;9999
MADN7011000;9999
MA1V80M7000;9999
MA47201M000;9999
MA7CJ071000;9999
MA9KT07G000;9999
MA2FL02S000;9999
MA6ON01B000;9999
MA3OB098000;9999
MA3OB09E000;9999
MAB7H01D000;9999
MA1SA0XO000;9999
MA2FL02R000;9999
MAF5900Q000;9999
MA6W4075000;9999
MABH0001000;9999
MABXB006000;9999
MAB7H01E000;9999
MAE3W002000;9999
MA1DY0XW000;9999
MA6YI07Z000;9999
MAAAX04L000;9999
MA9KT07H000;9999
MA1DY0XY000;9999
MA3OB099001;9999
MA7SW001000;9999
MA9KT07C000;9999
MA3OB09D000;9999
MAB3E00H000;9999
MAFHG001000;9999
MA5NU00A000;9999
MA1C205Z000;9999
MA5OT001000;9999
MA2JW02U000;9999
MA22G096000;9999
MABHJ006000;9999
MA9KT07I000;9999
MA47201N000;9999
MAB3E00G000;9999
MAGON000000;9999
MA22D01Z000;9999
MA4TU01W001;9999
MABV800C001;9999
MA1RW0N9000;9999
MA3OB09C000;9999
MAARS005000;9999
MACSS00B000;9999
MA7QQ032000;9999
MACAT009000;9999
MA1V80M9000;9999
MA88N05A000;9999
MAAXI01M000;9999
MA3OB09A000;9999
MA392019000;9999
MA5T900U000;9999
MACSS009000;9999
MA1DY0XV000;9999
MAFEK001000;9999
MA10F01I000;9999
MA7QQ034000;9999
MAAXI01O000;9999
10100M58Q00;9999
MA1SA0XP000;9999
MA6R302100D;9999
MA1V80M6000;9999
MA7QQ035000;9999
MAAXI01N000;9999
MA3OB09F000;9999
MA88N059000;9999
MAB4P01P000;9999
MA8FF0G6000;9999
MA7QQ037000;9999
MA1E709X000;9999
MAGOO000000;9999
85680M58Q30-F1J;9999
MA1DY0XT000;9999
MAFCS001000;9999
MA22D021000;9999
MAB1901C000;9999
MAEEZ002000;9999
MA3S900F000;9999
MA47201L000;9999
MA1Q30KV000;9999
MA1DY0XU000;9999
MA7QQ033000;9999
MA1E709Y001;9999
MA1DY0XS000;9999
MA1SA0XN000;9999
15310M59Q00;9999
MAEEZ001000;9999
17931M59Q00;9999
MA3S900E000;9999
MA1QF09S000;9999
MAE15001000;9999
MA1E709Z000;9999
M17125001X4;9999
M17125001Y4;9999
