MaterialNumber;Plant
10100M58Q00;2021
10100M58Q00;2031
10100M58Q00;2032
10100M58Q00;2035
10100M58Q00;2036
10100M58Q00;2041
10100M58Q00;2701
10100M58Q00;2702
10100M58Q00;2703
10100M58Q00;2704
10100M58Q00;2705
10100M58Q00;2706
10100M58Q00;2707
10100M58Q00;2708
15310M59Q00;2021
15310M59Q00;2031
15310M59Q00;2032
15310M59Q00;2035
15310M59Q00;2036
15310M59Q00;2041
15310M59Q00;2701
15310M59Q00;2702
15310M59Q00;2703
15310M59Q00;2704
15310M59Q00;2705
15310M59Q00;2706
15310M59Q00;2707
15310M59Q00;2708
17931M59Q00;2021
17931M59Q00;2031
17931M59Q00;2032
17931M59Q00;2035
17931M59Q00;2036
17931M59Q00;2041
17931M59Q00;2701
17931M59Q00;2702
17931M59Q00;2703
17931M59Q00;2704
17931M59Q00;2705
17931M59Q00;2706
17931M59Q00;2707
17931M59Q00;2708
33850M66T10;2021
33850M66T10;2031
33850M66T10;2032
33850M66T10;2035
33850M66T10;2036
33850M66T10;2041
33850M66T10;2701
33850M66T10;2702
33850M66T10;2703
33850M66T10;2704
33850M66T10;2705
33850M66T10;2706
33850M66T10;2707
33850M66T10;2708
36061M53B61;2020
36061M53B61;2080
36061M53B71;2020
36061M53B71;2080
36091M69S01;2030
36091M69S01;2080
36091M69S11;2030
36091M69S11;2080
3B105M58QA1-CVF;2021
3B105M58QA1-CVF;2031
3B105M58QA1-CVF;2032
3B105M58QA1-CVF;2035
3B105M58QA1-CVF;2036
3B105M58QA1-CVF;2041
3B105M58QA1-CVF;2701
3B105M58QA1-CVF;2702
3B105M58QA1-CVF;2703
3B105M58QA1-CVF;2704
3B105M58QA1-CVF;2705
3B105M58QA1-CVF;2706
3B105M58QA1-CVF;2707
3B105M58QA1-CVF;2708
3B105M58QB1-CVF;2021
3B105M58QB1-CVF;2031
3B105M58QB1-CVF;2032
3B105M58QB1-CVF;2035
3B105M58QB1-CVF;2036
3B105M58QB1-CVF;2041
3B105M58QB1-CVF;2701
3B105M58QB1-CVF;2702
3B105M58QB1-CVF;2703
3B105M58QB1-CVF;2704
3B105M58QB1-CVF;2705
3B105M58QB1-CVF;2706
3B105M58QB1-CVF;2707
3B105M58QB1-CVF;2708
3B105M58QC1-CVF;2021
3B105M58QC1-CVF;2031
3B105M58QC1-CVF;2032
3B105M58QC1-CVF;2035
3B105M58QC1-CVF;2036
3B105M58QC1-CVF;2041
3B105M58QC1-CVF;2701
3B105M58QC1-CVF;2702
3B105M58QC1-CVF;2703
3B105M58QC1-CVF;2704
3B105M58QC1-CVF;2705
3B105M58QC1-CVF;2706
3B105M58QC1-CVF;2707
3B105M58QC1-CVF;2708
3B105M58QD1-CVF;2021
3B105M58QD1-CVF;2031
3B105M58QD1-CVF;2032
3B105M58QD1-CVF;2035
3B105M58QD1-CVF;2036
3B105M58QD1-CVF;2041
3B105M58QD1-CVF;2701
3B105M58QD1-CVF;2702
3B105M58QD1-CVF;2703
3B105M58QD1-CVF;2704
3B105M58QD1-CVF;2705
3B105M58QD1-CVF;2706
3B105M58QD1-CVF;2707
3B105M58QD1-CVF;2708
3B105M58QE1-CVF;2021
3B105M58QE1-CVF;2031
3B105M58QE1-CVF;2032
3B105M58QE1-CVF;2035
3B105M58QE1-CVF;2036
3B105M58QE1-CVF;2041
3B105M58QE1-CVF;2701
3B105M58QE1-CVF;2702
3B105M58QE1-CVF;2703
3B105M58QE1-CVF;2704
3B105M58QE1-CVF;2705
3B105M58QE1-CVF;2706
3B105M58QE1-CVF;2707
3B105M58QE1-CVF;2708
3B440M58Q02;2021
3B440M58Q02;2031
3B440M58Q02;2032
3B440M58Q02;2035
3B440M58Q02;2036
3B440M58Q02;2041
3B440M58Q02;2701
3B440M58Q02;2702
3B440M58Q02;2703
3B440M58Q02;2704
3B440M58Q02;2705
3B440M58Q02;2706
3B440M58Q02;2707
3B440M58Q02;2708
3B440M58QA2;2021
3B440M58QA2;2031
3B440M58QA2;2032
3B440M58QA2;2035
3B440M58QA2;2036
3B440M58QA2;2041
3B440M58QA2;2701
3B440M58QA2;2702
3B440M58QA2;2703
3B440M58QA2;2704
3B440M58QA2;2705
3B440M58QA2;2706
3B440M58QA2;2707
3B440M58QA2;2708
3E130-63V00-XT;2020
3E130-63V00-XT;2080
3F100-69T12;2020
3F100-69T12;2040
3F100-69T12;2080
3F100-69T12;3200
64220M80T01-008;2020
64220M80T01-008;2021
64220M80T01-008;2031
64220M80T01-008;2032
64220M80T01-008;2041
64220M80T01-008;2080
64220M80T01-008;2705
85680M58Q30-F1J;2021
85680M58Q30-F1J;2031
85680M58Q30-F1J;2032
85680M58Q30-F1J;2035
85680M58Q30-F1J;2036
85680M58Q30-F1J;2041
85680M58Q30-F1J;2701
85680M58Q30-F1J;2702
85680M58Q30-F1J;2703
85680M58Q30-F1J;2704
85680M58Q30-F1J;2705
85680M58Q30-F1J;2706
85680M58Q30-F1J;2707
85680M58Q30-F1J;2708
95330M60Q00;2020
95330M60Q00;2080
95431M60Q00;2020
95431M60Q00;2080
95431M60Q10;2020
95431M60Q10;2080
95544M60Q00;2020
95544M60Q00;2080
95544M60Q10;2020
95544M60Q10;2080
95544M60Q20;2020
95544M60Q20;2080
95551M60Q00;2020
95551M60Q00;2080
95747M60Q00;2020
95747M60Q00;2080
990J0M53TTE-260;2021
990J0M53TTE-260;2031
990J0M53TTE-260;2032
990J0M53TTE-260;2035
990J0M53TTE-260;2036
990J0M53TTE-260;2041
990J0M53TTE-260;2701
990J0M53TTE-260;2702
990J0M53TTE-260;2703
990J0M53TTE-260;2704
990J0M53TTE-260;2705
990J0M53TTE-260;2706
990J0M53TTE-260;2707
990J0M53TTE-260;2708
990J0M53TTE-270;2021
990J0M53TTE-270;2031
990J0M53TTE-270;2032
990J0M53TTE-270;2035
990J0M53TTE-270;2036
990J0M53TTE-270;2041
990J0M53TTE-270;2701
990J0M53TTE-270;2702
990J0M53TTE-270;2703
990J0M53TTE-270;2704
990J0M53TTE-270;2705
990J0M53TTE-270;2706
990J0M53TTE-270;2707
990J0M53TTE-270;2708
990J0M53TTE-280;2021
990J0M53TTE-280;2031
990J0M53TTE-280;2032
990J0M53TTE-280;2035
990J0M53TTE-280;2036
990J0M53TTE-280;2041
990J0M53TTE-280;2701
990J0M53TTE-280;2702
990J0M53TTE-280;2703
990J0M53TTE-280;2704
990J0M53TTE-280;2705
990J0M53TTE-280;2706
990J0M53TTE-280;2707
990J0M53TTE-280;2708
990J0M69RTE-550;2021
990J0M69RTE-550;2031
990J0M69RTE-550;2032
990J0M69RTE-550;2035
990J0M69RTE-550;2036
990J0M69RTE-550;2041
990J0M69RTE-550;2701
990J0M69RTE-550;2702
990J0M69RTE-550;2703
990J0M69RTE-550;2704
990J0M69RTE-550;2705
990J0M69RTE-550;2706
990J0M69RTE-550;2707
990J0M69RTE-550;2708
990J0M69RTE-560;2021
990J0M69RTE-560;2031
990J0M69RTE-560;2032
990J0M69RTE-560;2035
990J0M69RTE-560;2036
990J0M69RTE-560;2041
990J0M69RTE-560;2701
990J0M69RTE-560;2702
990J0M69RTE-560;2703
990J0M69RTE-560;2704
990J0M69RTE-560;2705
990J0M69RTE-560;2706
990J0M69RTE-560;2707
990J0M69RTE-560;2708
990J0M69RTE-570;2021
990J0M69RTE-570;2031
990J0M69RTE-570;2032
990J0M69RTE-570;2035
990J0M69RTE-570;2036
990J0M69RTE-570;2041
990J0M69RTE-570;2701
990J0M69RTE-570;2702
990J0M69RTE-570;2703
990J0M69RTE-570;2704
990J0M69RTE-570;2705
990J0M69RTE-570;2706
990J0M69RTE-570;2707
990J0M69RTE-570;2708
IA9EL00M000;2020
IA9EL00M000;2030
IA9EL00M000;2033
IA9EL00M000;2034
IA9EL00M000;2040
IA9EL00M000;2050
IA9EL00M000;2080
IA9EL00M000;2705
IA9EL00M000;3200
M17125001X4;3200
M17125001Y4;3200
MA0OI135000;2020
MA0OI135000;2030
MA0OI135000;2033
MA0OI135000;2034
MA0OI135000;2040
MA0OI135000;2050
MA0OI135000;2080
MA0OI135000;2705
MA0OI135000;3200
MA10F01I000;2020
MA10F01I000;2030
MA10F01I000;2033
MA10F01I000;2034
MA10F01I000;2040
MA10F01I000;2050
MA10F01I000;2080
MA10F01I000;2705
MA10F01I000;3200
MA15V01C000;2020
MA15V01C000;2030
MA15V01C000;2033
MA15V01C000;2034
MA15V01C000;2040
MA15V01C000;2050
MA15V01C000;2080
MA15V01C000;2705
MA15V01C000;3200
MA16T08D000;2020
MA16T08D000;2030
MA16T08D000;2033
MA16T08D000;2034
MA16T08D000;2040
MA16T08D000;2050
MA16T08D000;2080
MA16T08D000;2705
MA16T08D000;3200
MA1C205Z000;2020
MA1C205Z000;2030
MA1C205Z000;2033
MA1C205Z000;2034
MA1C205Z000;2040
MA1C205Z000;2050
MA1C205Z000;2080
MA1C205Z000;2705
MA1C205Z000;3200
MA1DY0XS000;2020
MA1DY0XS000;2030
MA1DY0XS000;2033
MA1DY0XS000;2034
MA1DY0XS000;2040
MA1DY0XS000;2050
MA1DY0XS000;2080
MA1DY0XS000;2705
MA1DY0XS000;3200
MA1DY0XT000;2020
MA1DY0XT000;2030
MA1DY0XT000;2033
MA1DY0XT000;2034
MA1DY0XT000;2040
MA1DY0XT000;2050
MA1DY0XT000;2080
MA1DY0XT000;2705
MA1DY0XT000;3200
MA1DY0XU000;2020
MA1DY0XU000;2030
MA1DY0XU000;2033
MA1DY0XU000;2034
MA1DY0XU000;2040
MA1DY0XU000;2050
MA1DY0XU000;2080
MA1DY0XU000;2705
MA1DY0XU000;3200
MA1DY0XV000;2020
MA1DY0XV000;2030
MA1DY0XV000;2033
MA1DY0XV000;2034
MA1DY0XV000;2040
MA1DY0XV000;2050
MA1DY0XV000;2080
MA1DY0XV000;2705
MA1DY0XV000;3200
MA1DY0XW000;2020
MA1DY0XW000;2030
MA1DY0XW000;2033
MA1DY0XW000;2034
MA1DY0XW000;2040
MA1DY0XW000;2050
MA1DY0XW000;2080
MA1DY0XW000;2705
MA1DY0XW000;3200
MA1DY0XX000;2020
MA1DY0XX000;2030
MA1DY0XX000;2033
MA1DY0XX000;2034
MA1DY0XX000;2040
MA1DY0XX000;2050
MA1DY0XX000;2080
MA1DY0XX000;2705
MA1DY0XX000;3200
MA1DY0XY000;2020
MA1DY0XY000;2030
MA1DY0XY000;2033
MA1DY0XY000;2034
MA1DY0XY000;2040
MA1DY0XY000;2050
MA1DY0XY000;2080
MA1DY0XY000;2705
MA1DY0XY000;3200
MA1E709X000;2020
MA1E709X000;2030
MA1E709X000;2033
MA1E709X000;2034
MA1E709X000;2040
MA1E709X000;2050
MA1E709X000;2080
MA1E709X000;2705
MA1E709X000;3200
MA1E709Y000;2020
MA1E709Y000;2030
MA1E709Y000;2033
MA1E709Y000;2034
MA1E709Y000;2040
MA1E709Y000;2050
MA1E709Y000;2080
MA1E709Y000;2705
MA1E709Y000;3200
MA1E709Y001;2020
MA1E709Y001;2030
MA1E709Y001;2033
MA1E709Y001;2034
MA1E709Y001;2040
MA1E709Y001;2050
MA1E709Y001;2080
MA1E709Y001;2705
MA1E709Y001;3200
MA1E709Z000;2020
MA1E709Z000;2030
MA1E709Z000;2033
MA1E709Z000;2034
MA1E709Z000;2040
MA1E709Z000;2050
MA1E709Z000;2080
MA1E709Z000;2705
MA1E709Z000;3200
MA1G4019000;2020
MA1G4019000;2030
MA1G4019000;2033
MA1G4019000;2034
MA1G4019000;2040
MA1G4019000;2050
MA1G4019000;2080
MA1G4019000;2705
MA1G4019000;3200
MA1Q30KV000;2020
MA1Q30KV000;2030
MA1Q30KV000;2033
MA1Q30KV000;2034
MA1Q30KV000;2040
MA1Q30KV000;2050
MA1Q30KV000;2080
MA1Q30KV000;2705
MA1Q30KV000;3200
MA1Q30KW000;2020
MA1Q30KW000;2030
MA1Q30KW000;2033
MA1Q30KW000;2034
MA1Q30KW000;2040
MA1Q30KW000;2050
MA1Q30KW000;2080
MA1Q30KW000;2705
MA1Q30KW000;3200
MA1QF09S000;2020
MA1QF09S000;2030
MA1QF09S000;2033
MA1QF09S000;2034
MA1QF09S000;2040
MA1QF09S000;2050
MA1QF09S000;2080
MA1QF09S000;2705
MA1QF09S000;3200
MA1RW0N8000;2020
MA1RW0N8000;2030
MA1RW0N8000;2033
MA1RW0N8000;2034
MA1RW0N8000;2040
MA1RW0N8000;2050
MA1RW0N8000;2080
MA1RW0N8000;2705
MA1RW0N8000;3200
MA1RW0N9000;2020
MA1RW0N9000;2030
MA1RW0N9000;2033
MA1RW0N9000;2034
MA1RW0N9000;2040
MA1RW0N9000;2050
MA1RW0N9000;2080
MA1RW0N9000;2705
MA1RW0N9000;3200
MA1SA0XN000;2020
MA1SA0XN000;2030
MA1SA0XN000;2033
MA1SA0XN000;2034
MA1SA0XN000;2040
MA1SA0XN000;2050
MA1SA0XN000;2080
MA1SA0XN000;2705
MA1SA0XN000;3200
MA1SA0XO000;2020
MA1SA0XO000;2030
MA1SA0XO000;2033
MA1SA0XO000;2034
MA1SA0XO000;2040
MA1SA0XO000;2050
MA1SA0XO000;2080
MA1SA0XO000;2705
MA1SA0XO000;3200
MA1SA0XP000;2020
MA1SA0XP000;2030
MA1SA0XP000;2033
MA1SA0XP000;2034
MA1SA0XP000;2040
MA1SA0XP000;2050
MA1SA0XP000;2080
MA1SA0XP000;2705
MA1SA0XP000;3200
MA1V80M4000;2020
MA1V80M4000;2030
MA1V80M4000;2033
MA1V80M4000;2034
MA1V80M4000;2040
MA1V80M4000;2050
MA1V80M4000;2080
MA1V80M4000;2705
MA1V80M4000;3200
MA1V80M5000;2020
MA1V80M5000;2030
MA1V80M5000;2033
MA1V80M5000;2034
MA1V80M5000;2040
MA1V80M5000;2050
MA1V80M5000;2080
MA1V80M5000;2705
MA1V80M5000;3200
MA1V80M6000;2020
MA1V80M6000;2030
MA1V80M6000;2033
MA1V80M6000;2034
MA1V80M6000;2040
MA1V80M6000;2050
MA1V80M6000;2080
MA1V80M6000;2705
MA1V80M6000;3200
MA1V80M7000;2020
MA1V80M7000;2030
MA1V80M7000;2033
MA1V80M7000;2034
MA1V80M7000;2040
MA1V80M7000;2050
MA1V80M7000;2080
MA1V80M7000;2705
MA1V80M7000;3200
MA1V80M8000;2020
MA1V80M8000;2030
MA1V80M8000;2033
MA1V80M8000;2034
MA1V80M8000;2040
MA1V80M8000;2050
MA1V80M8000;2080
MA1V80M8000;2705
MA1V80M8000;3200
MA1V80M9000;2020
MA1V80M9000;2030
MA1V80M9000;2033
MA1V80M9000;2034
MA1V80M9000;2040
MA1V80M9000;2050
MA1V80M9000;2080
MA1V80M9000;2705
MA1V80M9000;3200
MA22D01Z000;2020
MA22D01Z000;2030
MA22D01Z000;2033
MA22D01Z000;2034
MA22D01Z000;2040
MA22D01Z000;2050
MA22D01Z000;2080
MA22D01Z000;2705
MA22D01Z000;3200
MA22D020000;2020
MA22D020000;2030
MA22D020000;2033
MA22D020000;2034
MA22D020000;2040
MA22D020000;2050
MA22D020000;2080
MA22D020000;2705
MA22D020000;3200
MA22D021000;2020
MA22D021000;2030
MA22D021000;2033
MA22D021000;2034
MA22D021000;2040
MA22D021000;2050
MA22D021000;2080
MA22D021000;2705
MA22D021000;3200
MA22G096000;2020
MA22G096000;2030
MA22G096000;2033
MA22G096000;2034
MA22G096000;2040
MA22G096000;2050
MA22G096000;2080
MA22G096000;2705
MA22G096000;3200
MA22G097000;2020
MA22G097000;2030
MA22G097000;2033
MA22G097000;2034
MA22G097000;2040
MA22G097000;2050
MA22G097000;2080
MA22G097000;2705
MA22G097000;3200
MA2FB00I000;2020
MA2FB00I000;2030
MA2FB00I000;2033
MA2FB00I000;2034
MA2FB00I000;2040
MA2FB00I000;2050
MA2FB00I000;2080
MA2FB00I000;2705
MA2FB00I000;3200
MA2FL02R000;2020
MA2FL02R000;2030
MA2FL02R000;2033
MA2FL02R000;2034
MA2FL02R000;2040
MA2FL02R000;2050
MA2FL02R000;2080
MA2FL02R000;2705
MA2FL02R000;3200
MA2FL02R001;2020
MA2FL02R001;2030
MA2FL02R001;2033
MA2FL02R001;2034
MA2FL02R001;2040
MA2FL02R001;2050
MA2FL02R001;2080
MA2FL02R001;2705
MA2FL02R001;3200
MA2FL02R002;2020
MA2FL02R002;2030
MA2FL02R002;2033
MA2FL02R002;2034
MA2FL02R002;2040
MA2FL02R002;2050
MA2FL02R002;2080
MA2FL02R002;2705
MA2FL02R002;3200
MA2FL02R003;2020
MA2FL02R003;2030
MA2FL02R003;2033
MA2FL02R003;2034
MA2FL02R003;2040
MA2FL02R003;2050
MA2FL02R003;2080
MA2FL02R003;2705
MA2FL02R003;3200
MA2FL02S000;2020
MA2FL02S000;2030
MA2FL02S000;2033
MA2FL02S000;2034
MA2FL02S000;2040
MA2FL02S000;2050
MA2FL02S000;2080
MA2FL02S000;2705
MA2FL02S000;3200
MA2JW02U000;2020
MA2JW02U000;2030
MA2JW02U000;2033
MA2JW02U000;2034
MA2JW02U000;2040
MA2JW02U000;2050
MA2JW02U000;2080
MA2JW02U000;2705
MA2JW02U000;3200
MA2LW03I000;2020
MA2LW03I000;2030
MA2LW03I000;2033
MA2LW03I000;2034
MA2LW03I000;2040
MA2LW03I000;2050
MA2LW03I000;2080
MA2LW03I000;2705
MA2LW03I000;3200
MA2SV00O000;2020
MA2SV00O000;2030
MA2SV00O000;2033
MA2SV00O000;2034
MA2SV00O000;2040
MA2SV00O000;2050
MA2SV00O000;2080
MA2SV00O000;2705
MA2SV00O000;3200
MA392019000;2020
MA392019000;2030
MA392019000;2033
MA392019000;2034
MA392019000;2040
MA392019000;2050
MA392019000;2080
MA392019000;2705
MA392019000;3200
MA3OB097000;2020
MA3OB097000;2030
MA3OB097000;2033
MA3OB097000;2034
MA3OB097000;2040
MA3OB097000;2050
MA3OB097000;2080
MA3OB097000;2705
MA3OB097000;3200
MA3OB098000;2020
MA3OB098000;2030
MA3OB098000;2033
MA3OB098000;2034
MA3OB098000;2040
MA3OB098000;2050
MA3OB098000;2080
MA3OB098000;2705
MA3OB098000;3200
MA3OB099000;2020
MA3OB099000;2030
MA3OB099000;2033
MA3OB099000;2034
MA3OB099000;2040
MA3OB099000;2050
MA3OB099000;2080
MA3OB099000;2705
MA3OB099000;3200
MA3OB099001;2020
MA3OB099001;2030
MA3OB099001;2033
MA3OB099001;2034
MA3OB099001;2040
MA3OB099001;2050
MA3OB099001;2080
MA3OB099001;2705
MA3OB099001;3200
MA3OB09A000;2020
MA3OB09A000;2030
MA3OB09A000;2033
MA3OB09A000;2034
MA3OB09A000;2040
MA3OB09A000;2050
MA3OB09A000;2080
MA3OB09A000;2705
MA3OB09A000;3200
MA3OB09B000;2020
MA3OB09B000;2030
MA3OB09B000;2033
MA3OB09B000;2034
MA3OB09B000;2040
MA3OB09B000;2050
MA3OB09B000;2080
MA3OB09B000;2705
MA3OB09B000;3200
MA3OB09C000;2020
MA3OB09C000;2030
MA3OB09C000;2033
MA3OB09C000;2034
MA3OB09C000;2040
MA3OB09C000;2050
MA3OB09C000;2080
MA3OB09C000;2705
MA3OB09C000;3200
MA3OB09D000;2020
MA3OB09D000;2030
MA3OB09D000;2033
MA3OB09D000;2034
MA3OB09D000;2040
MA3OB09D000;2050
MA3OB09D000;2080
MA3OB09D000;2705
MA3OB09D000;3200
MA3OB09E000;2020
MA3OB09E000;2030
MA3OB09E000;2033
MA3OB09E000;2034
MA3OB09E000;2040
MA3OB09E000;2050
MA3OB09E000;2080
MA3OB09E000;2705
MA3OB09E000;3200
MA3OB09F000;2020
MA3OB09F000;2030
MA3OB09F000;2033
MA3OB09F000;2034
MA3OB09F000;2040
MA3OB09F000;2050
MA3OB09F000;2080
MA3OB09F000;2705
MA3OB09F000;3200
MA3OB09G000;2020
MA3OB09G000;2030
MA3OB09G000;2033
MA3OB09G000;2034
MA3OB09G000;2040
MA3OB09G000;2050
MA3OB09G000;2080
MA3OB09G000;2705
MA3OB09G000;3200
MA3S900E000;2020
MA3S900E000;2030
MA3S900E000;2033
MA3S900E000;2034
MA3S900E000;2040
MA3S900E000;2050
MA3S900E000;2080
MA3S900E000;2705
MA3S900E000;3200
MA3S900F000;2020
MA3S900F000;2030
MA3S900F000;2033
MA3S900F000;2034
MA3S900F000;2040
MA3S900F000;2050
MA3S900F000;2080
MA3S900F000;2705
MA3S900F000;3200
MA42C008000;2020
MA42C008000;2030
MA42C008000;2033
MA42C008000;2034
MA42C008000;2040
MA42C008000;2050
MA42C008000;2080
MA42C008000;2705
MA42C008000;3200
MA42C009000;2020
MA42C009000;2030
MA42C009000;2033
MA42C009000;2034
MA42C009000;2040
MA42C009000;2050
MA42C009000;2080
MA42C009000;2705
MA42C009000;3200
MA42C00A000;2020
MA42C00A000;2030
MA42C00A000;2033
MA42C00A000;2034
MA42C00A000;2040
MA42C00A000;2050
MA42C00A000;2080
MA42C00A000;2705
MA42C00A000;3200
MA42C00B000;2020
MA42C00B000;2030
MA42C00B000;2033
MA42C00B000;2034
MA42C00B000;2040
MA42C00B000;2050
MA42C00B000;2080
MA42C00B000;2705
MA42C00B000;3200
MA42R00C000;2020
MA42R00C000;2030
MA42R00C000;2033
MA42R00C000;2034
MA42R00C000;2040
MA42R00C000;2050
MA42R00C000;2080
MA42R00C000;2705
MA42R00C000;3200
MA47201L000;2020
MA47201L000;2030
MA47201L000;2033
MA47201L000;2034
MA47201L000;2040
MA47201L000;2050
MA47201L000;2080
MA47201L000;2705
MA47201L000;3200
MA47201M000;2020
MA47201M000;2030
MA47201M000;2033
MA47201M000;2034
MA47201M000;2040
MA47201M000;2050
MA47201M000;2080
MA47201M000;2705
MA47201M000;3200
MA47201N000;2020
MA47201N000;2030
MA47201N000;2033
MA47201N000;2034
MA47201N000;2040
MA47201N000;2050
MA47201N000;2080
MA47201N000;2705
MA47201N000;3200
MA47201O000;2020
MA47201O000;2030
MA47201O000;2033
MA47201O000;2034
MA47201O000;2040
MA47201O000;2050
MA47201O000;2080
MA47201O000;2705
MA47201O000;3200
MA47201P000;2020
MA47201P000;2030
MA47201P000;2033
MA47201P000;2034
MA47201P000;2040
MA47201P000;2050
MA47201P000;2080
MA47201P000;2705
MA47201P000;3200
MA4TU01W001;2020
MA4TU01W001;2030
MA4TU01W001;2033
MA4TU01W001;2034
MA4TU01W001;2040
MA4TU01W001;2050
MA4TU01W001;2080
MA4TU01W001;2705
MA4TU01W001;3200
MA59N00C000;2020
MA59N00C000;2030
MA59N00C000;2033
MA59N00C000;2034
MA59N00C000;2040
MA59N00C000;2050
MA59N00C000;2080
MA59N00C000;2705
MA59N00C000;3200
MA5CB0JC000;2020
MA5CB0JC000;2030
MA5CB0JC000;2033
MA5CB0JC000;2034
MA5CB0JC000;2040
MA5CB0JC000;2050
MA5CB0JC000;2080
MA5CB0JC000;2705
MA5CB0JC000;3200
MA5NU00A000;2020
MA5NU00A000;2030
MA5NU00A000;2033
MA5NU00A000;2034
MA5NU00A000;2040
MA5NU00A000;2050
MA5NU00A000;2080
MA5NU00A000;2705
MA5NU00A000;3200
MA5OT001000;2020
MA5OT001000;2030
MA5OT001000;2033
MA5OT001000;2034
MA5OT001000;2040
MA5OT001000;2050
MA5OT001000;2080
MA5OT001000;2705
MA5OT001000;3200
MA5T900U000;2020
MA5T900U000;2030
MA5T900U000;2033
MA5T900U000;2034
MA5T900U000;2040
MA5T900U000;2050
MA5T900U000;2080
MA5T900U000;2705
MA5T900U000;3200
MA5YZ01D000;2020
MA5YZ01D000;2030
MA5YZ01D000;2033
MA5YZ01D000;2034
MA5YZ01D000;2040
MA5YZ01D000;2050
MA5YZ01D000;2080
MA5YZ01D000;2705
MA5YZ01D000;3200
MA6ON01B000;2020
MA6ON01B000;2030
MA6ON01B000;2033
MA6ON01B000;2034
MA6ON01B000;2040
MA6ON01B000;2050
MA6ON01B000;2080
MA6ON01B000;2705
MA6ON01B000;3200
MA6Q00FX009;2020
MA6Q00FX009;2030
MA6Q00FX009;2033
MA6Q00FX009;2034
MA6Q00FX009;2040
MA6Q00FX009;2050
MA6Q00FX009;2080
MA6Q00FX009;2705
MA6Q00FX009;3200
MA6Q20BM000;2020
MA6Q20BM000;2030
MA6Q20BM000;2033
MA6Q20BM000;2034
MA6Q20BM000;2040
MA6Q20BM000;2050
MA6Q20BM000;2080
MA6Q20BM000;2705
MA6Q20BM000;3200
MA6Q20BO000;2020
MA6Q20BO000;2030
MA6Q20BO000;2033
MA6Q20BO000;2034
MA6Q20BO000;2040
MA6Q20BO000;2050
MA6Q20BO000;2080
MA6Q20BO000;2705
MA6Q20BO000;3200
MA6R302100D;2020
MA6R302100D;2030
MA6R302100D;2033
MA6R302100D;2034
MA6R302100D;2040
MA6R302100D;2050
MA6R302100D;2080
MA6R302100D;2705
MA6R302100D;3200
MA6W4075000;2020
MA6W4075000;2030
MA6W4075000;2033
MA6W4075000;2034
MA6W4075000;2040
MA6W4075000;2050
MA6W4075000;2080
MA6W4075000;2705
MA6W4075000;3200
MA6WM004000;2020
MA6WM004000;2030
MA6WM004000;2033
MA6WM004000;2034
MA6WM004000;2040
MA6WM004000;2050
MA6WM004000;2080
MA6WM004000;2705
MA6WM004000;3200
MA6YI07Z000;2020
MA6YI07Z000;2030
MA6YI07Z000;2033
MA6YI07Z000;2034
MA6YI07Z000;2040
MA6YI07Z000;2050
MA6YI07Z000;2080
MA6YI07Z000;2705
MA6YI07Z000;3200
MA7143OP000;2020
MA7143OP000;2030
MA7143OP000;2033
MA7143OP000;2034
MA7143OP000;2040
MA7143OP000;2050
MA7143OP000;2080
MA7143OP000;2705
MA7143OP000;3200
MA7143OQ000;2020
MA7143OQ000;2030
MA7143OQ000;2033
MA7143OQ000;2034
MA7143OQ000;2040
MA7143OQ000;2050
MA7143OQ000;2080
MA7143OQ000;2705
MA7143OQ000;3200
MA7143PA000;2020
MA7143PA000;2030
MA7143PA000;2033
MA7143PA000;2034
MA7143PA000;2040
MA7143PA000;2050
MA7143PA000;2080
MA7143PA000;2705
MA7143PA000;3200
MA7143PB000;2020
MA7143PB000;2030
MA7143PB000;2033
MA7143PB000;2034
MA7143PB000;2040
MA7143PB000;2050
MA7143PB000;2080
MA7143PB000;2705
MA7143PB000;3200
MA7CJ071000;2020
MA7CJ071000;2030
MA7CJ071000;2033
MA7CJ071000;2034
MA7CJ071000;2040
MA7CJ071000;2050
MA7CJ071000;2080
MA7CJ071000;2705
MA7CJ071000;3200
MA7QQ032000;2020
MA7QQ032000;2030
MA7QQ032000;2033
MA7QQ032000;2034
MA7QQ032000;2040
MA7QQ032000;2050
MA7QQ032000;2080
MA7QQ032000;2705
MA7QQ032000;3200
MA7QQ033000;2020
MA7QQ033000;2030
MA7QQ033000;2033
MA7QQ033000;2034
MA7QQ033000;2040
MA7QQ033000;2050
MA7QQ033000;2080
MA7QQ033000;2705
MA7QQ033000;3200
MA7QQ034000;2020
MA7QQ034000;2030
MA7QQ034000;2033
MA7QQ034000;2034
MA7QQ034000;2040
MA7QQ034000;2050
MA7QQ034000;2080
MA7QQ034000;2705
MA7QQ034000;3200
MA7QQ035000;2020
MA7QQ035000;2030
MA7QQ035000;2033
MA7QQ035000;2034
MA7QQ035000;2040
MA7QQ035000;2050
MA7QQ035000;2080
MA7QQ035000;2705
MA7QQ035000;3200
MA7QQ036000;2020
MA7QQ036000;2030
MA7QQ036000;2033
MA7QQ036000;2034
MA7QQ036000;2040
MA7QQ036000;2050
MA7QQ036000;2080
MA7QQ036000;2705
MA7QQ036000;3200
MA7QQ037000;2020
MA7QQ037000;2030
MA7QQ037000;2033
MA7QQ037000;2034
MA7QQ037000;2040
MA7QQ037000;2050
MA7QQ037000;2080
MA7QQ037000;2705
MA7QQ037000;3200
MA7QQ038000;2020
MA7QQ038000;2030
MA7QQ038000;2033
MA7QQ038000;2034
MA7QQ038000;2040
MA7QQ038000;2050
MA7QQ038000;2080
MA7QQ038000;2705
MA7QQ038000;3200
MA7R500X000;2020
MA7R500X000;2030
MA7R500X000;2033
MA7R500X000;2034
MA7R500X000;2040
MA7R500X000;2050
MA7R500X000;2080
MA7R500X000;2705
MA7R500X000;3200
MA7SW001000;2020
MA7SW001000;2030
MA7SW001000;2033
MA7SW001000;2034
MA7SW001000;2040
MA7SW001000;2050
MA7SW001000;2080
MA7SW001000;2705
MA7SW001000;3200
MA88N059000;2020
MA88N059000;2030
MA88N059000;2033
MA88N059000;2034
MA88N059000;2040
MA88N059000;2050
MA88N059000;2080
MA88N059000;2705
MA88N059000;3200
MA88N05A000;2020
MA88N05A000;2030
MA88N05A000;2033
MA88N05A000;2034
MA88N05A000;2040
MA88N05A000;2050
MA88N05A000;2080
MA88N05A000;2705
MA88N05A000;3200
MA8EB01A000;2020
MA8EB01A000;2030
MA8EB01A000;2033
MA8EB01A000;2034
MA8EB01A000;2040
MA8EB01A000;2050
MA8EB01A000;2080
MA8EB01A000;2705
MA8EB01A000;3200
MA8EB01B000;2020
MA8EB01B000;2030
MA8EB01B000;2033
MA8EB01B000;2034
MA8EB01B000;2040
MA8EB01B000;2050
MA8EB01B000;2080
MA8EB01B000;2705
MA8EB01B000;3200
MA8FF0EC009;2020
MA8FF0EC009;2030
MA8FF0EC009;2033
MA8FF0EC009;2034
MA8FF0EC009;2040
MA8FF0EC009;2050
MA8FF0EC009;2080
MA8FF0EC009;2705
MA8FF0EC009;3200
MA8FF0G5000;2020
MA8FF0G5000;2030
MA8FF0G5000;2033
MA8FF0G5000;2034
MA8FF0G5000;2040
MA8FF0G5000;2050
MA8FF0G5000;2080
MA8FF0G5000;2705
MA8FF0G5000;3200
MA8FF0G5001;2020
MA8FF0G5001;2030
MA8FF0G5001;2033
MA8FF0G5001;2034
MA8FF0G5001;2040
MA8FF0G5001;2050
MA8FF0G5001;2080
MA8FF0G5001;2705
MA8FF0G5001;3200
MA8FF0G6000;2020
MA8FF0G6000;2030
MA8FF0G6000;2033
MA8FF0G6000;2034
MA8FF0G6000;2040
MA8FF0G6000;2050
MA8FF0G6000;2080
MA8FF0G6000;2705
MA8FF0G6000;3200
MA8G0009000;2020
MA8G0009000;2030
MA8G0009000;2033
MA8G0009000;2034
MA8G0009000;2040
MA8G0009000;2050
MA8G0009000;2080
MA8G0009000;2705
MA8G0009000;3200
MA8G500K000;2020
MA8G500K000;2030
MA8G500K000;2033
MA8G500K000;2034
MA8G500K000;2040
MA8G500K000;2050
MA8G500K000;2080
MA8G500K000;2705
MA8G500K000;3200
MA8NM003000;2020
MA8NM003000;2030
MA8NM003000;2033
MA8NM003000;2034
MA8NM003000;2040
MA8NM003000;2050
MA8NM003000;2080
MA8NM003000;2705
MA8NM003000;3200
MA8NM004000;2020
MA8NM004000;2030
MA8NM004000;2033
MA8NM004000;2034
MA8NM004000;2040
MA8NM004000;2050
MA8NM004000;2080
MA8NM004000;2705
MA8NM004000;3200
MA8NM005000;2020
MA8NM005000;2030
MA8NM005000;2033
MA8NM005000;2034
MA8NM005000;2040
MA8NM005000;2050
MA8NM005000;2080
MA8NM005000;2705
MA8NM005000;3200
MA8NM006000;2020
MA8NM006000;2030
MA8NM006000;2033
MA8NM006000;2034
MA8NM006000;2040
MA8NM006000;2050
MA8NM006000;2080
MA8NM006000;2705
MA8NM006000;3200
MA8Z006N000;2020
MA8Z006N000;2030
MA8Z006N000;2033
MA8Z006N000;2034
MA8Z006N000;2040
MA8Z006N000;2050
MA8Z006N000;2080
MA8Z006N000;2705
MA8Z006N000;3200
MA8ZE00K000;2020
MA8ZE00K000;2030
MA8ZE00K000;2033
MA8ZE00K000;2034
MA8ZE00K000;2040
MA8ZE00K000;2050
MA8ZE00K000;2080
MA8ZE00K000;2705
MA8ZE00K000;3200
MA98T001000;2020
MA98T001000;2030
MA98T001000;2033
MA98T001000;2034
MA98T001000;2040
MA98T001000;2050
MA98T001000;2080
MA98T001000;2705
MA98T001000;3200
MA98T001001;2020
MA98T001001;2030
MA98T001001;2033
MA98T001001;2034
MA98T001001;2040
MA98T001001;2050
MA98T001001;2080
MA98T001001;2705
MA98T001001;3200
MA9JI01X000;2020
MA9JI01X000;2030
MA9JI01X000;2033
MA9JI01X000;2034
MA9JI01X000;2040
MA9JI01X000;2050
MA9JI01X000;2080
MA9JI01X000;2705
MA9JI01X000;3200
MA9KT07C000;2020
MA9KT07C000;2030
MA9KT07C000;2033
MA9KT07C000;2034
MA9KT07C000;2040
MA9KT07C000;2050
MA9KT07C000;2080
MA9KT07C000;2705
MA9KT07C000;3200
MA9KT07D000;2020
MA9KT07D000;2030
MA9KT07D000;2033
MA9KT07D000;2034
MA9KT07D000;2040
MA9KT07D000;2050
MA9KT07D000;2080
MA9KT07D000;2705
MA9KT07D000;3200
MA9KT07F000;2020
MA9KT07F000;2030
MA9KT07F000;2033
MA9KT07F000;2034
MA9KT07F000;2040
MA9KT07F000;2050
MA9KT07F000;2080
MA9KT07F000;2705
MA9KT07F000;3200
MA9KT07G000;2020
MA9KT07G000;2030
MA9KT07G000;2033
MA9KT07G000;2034
MA9KT07G000;2040
MA9KT07G000;2050
MA9KT07G000;2080
MA9KT07G000;2705
MA9KT07G000;3200
MA9KT07H000;2020
MA9KT07H000;2030
MA9KT07H000;2033
MA9KT07H000;2034
MA9KT07H000;2040
MA9KT07H000;2050
MA9KT07H000;2080
MA9KT07H000;2705
MA9KT07H000;3200
MA9KT07I000;2020
MA9KT07I000;2030
MA9KT07I000;2033
MA9KT07I000;2034
MA9KT07I000;2040
MA9KT07I000;2050
MA9KT07I000;2080
MA9KT07I000;2705
MA9KT07I000;3200
MA9KT07J000;2020
MA9KT07J000;2030
MA9KT07J000;2033
MA9KT07J000;2034
MA9KT07J000;2040
MA9KT07J000;2050
MA9KT07J000;2080
MA9KT07J000;2705
MA9KT07J000;3200
MA9P206I000;2020
MA9P206I000;2030
MA9P206I000;2033
MA9P206I000;2034
MA9P206I000;2040
MA9P206I000;2050
MA9P206I000;2080
MA9P206I000;2705
MA9P206I000;3200
MA9P206J000;2020
MA9P206J000;2030
MA9P206J000;2033
MA9P206J000;2034
MA9P206J000;2040
MA9P206J000;2050
MA9P206J000;2080
MA9P206J000;2705
MA9P206J000;3200
MA9R500O000;2020
MA9R500O000;2030
MA9R500O000;2033
MA9R500O000;2034
MA9R500O000;2040
MA9R500O000;2050
MA9R500O000;2080
MA9R500O000;2705
MA9R500O000;3200
MA9RP005000;2020
MA9RP005000;2030
MA9RP005000;2033
MA9RP005000;2034
MA9RP005000;2040
MA9RP005000;2050
MA9RP005000;2080
MA9RP005000;2705
MA9RP005000;3200
MAA3S08V000;2020
MAA3S08V000;2030
MAA3S08V000;2033
MAA3S08V000;2034
MAA3S08V000;2040
MAA3S08V000;2050
MAA3S08V000;2080
MAA3S08V000;2705
MAA3S08V000;3200
MAAAX04L000;2020
MAAAX04L000;2030
MAAAX04L000;2033
MAAAX04L000;2034
MAAAX04L000;2040
MAAAX04L000;2050
MAAAX04L000;2080
MAAAX04L000;2705
MAAAX04L000;3200
MAAB3016000;2020
MAAB3016000;2030
MAAB3016000;2033
MAAB3016000;2034
MAAB3016000;2040
MAAB3016000;2050
MAAB3016000;2080
MAAB3016000;2705
MAAB3016000;3200
MAACQ00Y000;2020
MAACQ00Y000;2030
MAACQ00Y000;2033
MAACQ00Y000;2034
MAACQ00Y000;2040
MAACQ00Y000;2050
MAACQ00Y000;2080
MAACQ00Y000;2705
MAACQ00Y000;3200
MAAER00Z000;2020
MAAER00Z000;2030
MAAER00Z000;2033
MAAER00Z000;2034
MAAER00Z000;2040
MAAER00Z000;2050
MAAER00Z000;2080
MAAER00Z000;2705
MAAER00Z000;3200
MAAHL019000;2020
MAAHL019000;2030
MAAHL019000;2033
MAAHL019000;2034
MAAHL019000;2040
MAAHL019000;2050
MAAHL019000;2080
MAAHL019000;2705
MAAHL019000;3200
MAARS005000;2020
MAARS005000;2030
MAARS005000;2033
MAARS005000;2034
MAARS005000;2040
MAARS005000;2050
MAARS005000;2080
MAARS005000;2705
MAARS005000;3200
MAAVI005000;2020
MAAVI005000;2030
MAAVI005000;2033
MAAVI005000;2034
MAAVI005000;2040
MAAVI005000;2050
MAAVI005000;2080
MAAVI005000;2705
MAAVI005000;3200
MAAXI01M000;2020
MAAXI01M000;2030
MAAXI01M000;2033
MAAXI01M000;2034
MAAXI01M000;2040
MAAXI01M000;2050
MAAXI01M000;2080
MAAXI01M000;2705
MAAXI01M000;3200
MAAXI01N000;2020
MAAXI01N000;2030
MAAXI01N000;2033
MAAXI01N000;2034
MAAXI01N000;2040
MAAXI01N000;2050
MAAXI01N000;2080
MAAXI01N000;2705
MAAXI01N000;3200
MAAXI01O000;2020
MAAXI01O000;2030
MAAXI01O000;2033
MAAXI01O000;2034
MAAXI01O000;2040
MAAXI01O000;2050
MAAXI01O000;2080
MAAXI01O000;2705
MAAXI01O000;3200
MAAYY002000;2020
MAAYY002000;2030
MAAYY002000;2033
MAAYY002000;2034
MAAYY002000;2040
MAAYY002000;2050
MAAYY002000;2080
MAAYY002000;2705
MAAYY002000;3200
MAB1901C000;2020
MAB1901C000;2030
MAB1901C000;2033
MAB1901C000;2034
MAB1901C000;2040
MAB1901C000;2050
MAB1901C000;2080
MAB1901C000;2705
MAB1901C000;3200
MAB3E00G000;2020
MAB3E00G000;2030
MAB3E00G000;2033
MAB3E00G000;2034
MAB3E00G000;2040
MAB3E00G000;2050
MAB3E00G000;2080
MAB3E00G000;2705
MAB3E00G000;3200
MAB3E00H000;2020
MAB3E00H000;2030
MAB3E00H000;2033
MAB3E00H000;2034
MAB3E00H000;2040
MAB3E00H000;2050
MAB3E00H000;2080
MAB3E00H000;2705
MAB3E00H000;3200
MAB4P01P000;2020
MAB4P01P000;2030
MAB4P01P000;2033
MAB4P01P000;2034
MAB4P01P000;2040
MAB4P01P000;2050
MAB4P01P000;2080
MAB4P01P000;2705
MAB4P01P000;3200
MAB5J00D000;2020
MAB5J00D000;2030
MAB5J00D000;2033
MAB5J00D000;2034
MAB5J00D000;2040
MAB5J00D000;2050
MAB5J00D000;2080
MAB5J00D000;2705
MAB5J00D000;3200
MAB7H01D000;2020
MAB7H01D000;2030
MAB7H01D000;2033
MAB7H01D000;2034
MAB7H01D000;2040
MAB7H01D000;2050
MAB7H01D000;2080
MAB7H01D000;2705
MAB7H01D000;3200
MAB7H01E000;2020
MAB7H01E000;2030
MAB7H01E000;2033
MAB7H01E000;2034
MAB7H01E000;2040
MAB7H01E000;2050
MAB7H01E000;2080
MAB7H01E000;2705
MAB7H01E000;3200
MAB8Y003000;2020
MAB8Y003000;2030
MAB8Y003000;2033
MAB8Y003000;2034
MAB8Y003000;2040
MAB8Y003000;2050
MAB8Y003000;2080
MAB8Y003000;2705
MAB8Y003000;3200
MAB8Y004000;2020
MAB8Y004000;2030
MAB8Y004000;2033
MAB8Y004000;2034
MAB8Y004000;2040
MAB8Y004000;2050
MAB8Y004000;2080
MAB8Y004000;2705
MAB8Y004000;3200
MABAN00B000;2020
MABAN00B000;2030
MABAN00B000;2033
MABAN00B000;2034
MABAN00B000;2040
MABAN00B000;2050
MABAN00B000;2080
MABAN00B000;2705
MABAN00B000;3200
MABH0001000;2020
MABH0001000;2030
MABH0001000;2033
MABH0001000;2034
MABH0001000;2040
MABH0001000;2050
MABH0001000;2080
MABH0001000;2705
MABH0001000;3200
MABHJ006000;2020
MABHJ006000;2030
MABHJ006000;2033
MABHJ006000;2034
MABHJ006000;2040
MABHJ006000;2050
MABHJ006000;2080
MABHJ006000;2705
MABHJ006000;3200
MABML01Z000;2020
MABML01Z000;2030
MABML01Z000;2033
MABML01Z000;2034
MABML01Z000;2040
MABML01Z000;2050
MABML01Z000;2080
MABML01Z000;2705
MABML01Z000;3200
MABML020000;2020
MABML020000;2030
MABML020000;2033
MABML020000;2034
MABML020000;2040
MABML020000;2050
MABML020000;2080
MABML020000;2705
MABML020000;3200
MABML021000;2020
MABML021000;2030
MABML021000;2033
MABML021000;2034
MABML021000;2040
MABML021000;2050
MABML021000;2080
MABML021000;2705
MABML021000;3200
MABML022000;2020
MABML022000;2030
MABML022000;2033
MABML022000;2034
MABML022000;2040
MABML022000;2050
MABML022000;2080
MABML022000;2705
MABML022000;3200
MABQD00M000;2020
MABQD00M000;2030
MABQD00M000;2033
MABQD00M000;2034
MABQD00M000;2040
MABQD00M000;2050
MABQD00M000;2080
MABQD00M000;2705
MABQD00M000;3200
MABV800C000;2020
MABV800C000;2030
MABV800C000;2033
MABV800C000;2034
MABV800C000;2040
MABV800C000;2050
MABV800C000;2080
MABV800C000;2705
MABV800C000;3200
MABV800C001;2020
MABV800C001;2030
MABV800C001;2033
MABV800C001;2034
MABV800C001;2040
MABV800C001;2050
MABV800C001;2080
MABV800C001;2705
MABV800C001;3200
MABXB006000;2020
MABXB006000;2030
MABXB006000;2033
MABXB006000;2034
MABXB006000;2040
MABXB006000;2050
MABXB006000;2080
MABXB006000;2705
MABXB006000;3200
MAC1O00J000;2020
MAC1O00J000;2030
MAC1O00J000;2033
MAC1O00J000;2034
MAC1O00J000;2040
MAC1O00J000;2050
MAC1O00J000;2080
MAC1O00J000;2705
MAC1O00J000;3200
MACAT009000;2020
MACAT009000;2030
MACAT009000;2033
MACAT009000;2034
MACAT009000;2040
MACAT009000;2050
MACAT009000;2080
MACAT009000;2705
MACAT009000;3200
MACOF002000;2020
MACOF002000;2030
MACOF002000;2033
MACOF002000;2034
MACOF002000;2040
MACOF002000;2050
MACOF002000;2080
MACOF002000;2705
MACOF002000;3200
MACSS009000;2020
MACSS009000;2030
MACSS009000;2033
MACSS009000;2034
MACSS009000;2040
MACSS009000;2050
MACSS009000;2080
MACSS009000;2705
MACSS009000;3200
MACSS00A000;2020
MACSS00A000;2030
MACSS00A000;2033
MACSS00A000;2034
MACSS00A000;2040
MACSS00A000;2050
MACSS00A000;2080
MACSS00A000;2705
MACSS00A000;3200
MACSS00B000;2020
MACSS00B000;2030
MACSS00B000;2033
MACSS00B000;2034
MACSS00B000;2040
MACSS00B000;2050
MACSS00B000;2080
MACSS00B000;2705
MACSS00B000;3200
MACSS00C000;2020
MACSS00C000;2030
MACSS00C000;2033
MACSS00C000;2034
MACSS00C000;2040
MACSS00C000;2050
MACSS00C000;2080
MACSS00C000;2705
MACSS00C000;3200
MACTM003000;2020
MACTM003000;2030
MACTM003000;2033
MACTM003000;2034
MACTM003000;2040
MACTM003000;2050
MACTM003000;2080
MACTM003000;2705
MACTM003000;3200
MACVE001000;2020
MACVE001000;2030
MACVE001000;2033
MACVE001000;2034
MACVE001000;2040
MACVE001000;2050
MACVE001000;2080
MACVE001000;2705
MACVE001000;3200
MACVE002000;2020
MACVE002000;2030
MACVE002000;2033
MACVE002000;2034
MACVE002000;2040
MACVE002000;2050
MACVE002000;2080
MACVE002000;2705
MACVE002000;3200
MADMD049001;2020
MADMD049001;2030
MADMD049001;2033
MADMD049001;2034
MADMD049001;2040
MADMD049001;2050
MADMD049001;2080
MADMD049001;2705
MADMD049001;3200
MADN7011000;2020
MADN7011000;2030
MADN7011000;2033
MADN7011000;2034
MADN7011000;2040
MADN7011000;2050
MADN7011000;2080
MADN7011000;2705
MADN7011000;3200
MAE15001000;2020
MAE15001000;2030
MAE15001000;2033
MAE15001000;2034
MAE15001000;2040
MAE15001000;2050
MAE15001000;2080
MAE15001000;2705
MAE15001000;3200
MAE3W001000;2020
MAE3W001000;2030
MAE3W001000;2033
MAE3W001000;2034
MAE3W001000;2040
MAE3W001000;2050
MAE3W001000;2080
MAE3W001000;2705
MAE3W001000;3200
MAE3W002000;2020
MAE3W002000;2030
MAE3W002000;2033
MAE3W002000;2034
MAE3W002000;2040
MAE3W002000;2050
MAE3W002000;2080
MAE3W002000;2705
MAE3W002000;3200
MAEEZ001000;2020
MAEEZ001000;2030
MAEEZ001000;2033
MAEEZ001000;2034
MAEEZ001000;2040
MAEEZ001000;2050
MAEEZ001000;2080
MAEEZ001000;2705
MAEEZ001000;3200
MAEEZ002000;2020
MAEEZ002000;2030
MAEEZ002000;2033
MAEEZ002000;2034
MAEEZ002000;2040
MAEEZ002000;2050
MAEEZ002000;2080
MAEEZ002000;2705
MAEEZ002000;3200
MAF5900Q000;2020
MAF5900Q000;2030
MAF5900Q000;2033
MAF5900Q000;2034
MAF5900Q000;2040
MAF5900Q000;2050
MAF5900Q000;2080
MAF5900Q000;2705
MAF5900Q000;3200
MAF74005000;2020
MAF74005000;2030
MAF74005000;2033
MAF74005000;2034
MAF74005000;2040
MAF74005000;2050
MAF74005000;2080
MAF74005000;2705
MAF74005000;3200
MAFAY00A000;2020
MAFAY00A000;2030
MAFAY00A000;2033
MAFAY00A000;2034
MAFAY00A000;2040
MAFAY00A000;2050
MAFAY00A000;2080
MAFAY00A000;2705
MAFAY00A000;3200
MAFAY00B000;2020
MAFAY00B000;2030
MAFAY00B000;2033
MAFAY00B000;2034
MAFAY00B000;2040
MAFAY00B000;2050
MAFAY00B000;2080
MAFAY00B000;2705
MAFAY00B000;3200
MAFBU002000;2020
MAFBU002000;2030
MAFBU002000;2033
MAFBU002000;2034
MAFBU002000;2040
MAFBU002000;2050
MAFBU002000;2080
MAFBU002000;2705
MAFBU002000;3200
MAFCS001000;2020
MAFCS001000;2030
MAFCS001000;2033
MAFCS001000;2034
MAFCS001000;2040
MAFCS001000;2050
MAFCS001000;2080
MAFCS001000;2705
MAFCS001000;3200
MAFEK001000;2020
MAFEK001000;2030
MAFEK001000;2033
MAFEK001000;2034
MAFEK001000;2040
MAFEK001000;2050
MAFEK001000;2080
MAFEK001000;2705
MAFEK001000;3200
MAFHG001000;2020
MAFHG001000;2030
MAFHG001000;2033
MAFHG001000;2034
MAFHG001000;2040
MAFHG001000;2050
MAFHG001000;2080
MAFHG001000;2705
MAFHG001000;3200
MAFMC004000;2020
MAFMC004000;2030
MAFMC004000;2033
MAFMC004000;2034
MAFMC004000;2040
MAFMC004000;2050
MAFMC004000;2080
MAFMC004000;2705
MAFMC004000;3200
MAFMN02F000;2020
MAFMN02F000;2021
MAFMN02F000;2030
MAFMN02F000;2032
MAFMN02F000;2033
MAFMN02F000;2034
MAFMN02F000;2035
MAFMN02F000;2036
MAFMN02F000;2040
MAFMN02F000;2041
MAFMN02F000;2080
MAFMN02F000;2701
MAFMN02F000;2704
MAFMN02F000;2705
MAFMN02F000;3200
MAFMN02F001;2020
MAFMN02F001;2021
MAFMN02F001;2030
MAFMN02F001;2032
MAFMN02F001;2033
MAFMN02F001;2034
MAFMN02F001;2035
MAFMN02F001;2036
MAFMN02F001;2040
MAFMN02F001;2041
MAFMN02F001;2080
MAFMN02F001;2701
MAFMN02F001;2704
MAFMN02F001;2705
MAFMN02F001;3200
MAFMN02G000;2020
MAFMN02G000;2021
MAFMN02G000;2030
MAFMN02G000;2032
MAFMN02G000;2033
MAFMN02G000;2034
MAFMN02G000;2035
MAFMN02G000;2036
MAFMN02G000;2040
MAFMN02G000;2041
MAFMN02G000;2080
MAFMN02G000;2701
MAFMN02G000;2704
MAFMN02G000;2705
MAFMN02G000;3200
MAFNT05Z000;2020
MAFNT05Z000;2021
MAFNT05Z000;2030
MAFNT05Z000;2032
MAFNT05Z000;2033
MAFNT05Z000;2034
MAFNT05Z000;2035
MAFNT05Z000;2036
MAFNT05Z000;2040
MAFNT05Z000;2041
MAFNT05Z000;2080
MAFNT05Z000;2701
MAFNT05Z000;2704
MAFNT05Z000;2705
MAFNT05Z000;3200
MAFPU02V000;2020
MAFPU02V000;2021
MAFPU02V000;2030
MAFPU02V000;2032
MAFPU02V000;2033
MAFPU02V000;2034
MAFPU02V000;2035
MAFPU02V000;2036
MAFPU02V000;2040
MAFPU02V000;2041
MAFPU02V000;2080
MAFPU02V000;2701
MAFPU02V000;2704
MAFPU02V000;2705
MAFPU02V000;3200
MAFQK009000;2020
MAFQK009000;2021
MAFQK009000;2030
MAFQK009000;2032
MAFQK009000;2033
MAFQK009000;2034
MAFQK009000;2035
MAFQK009000;2036
MAFQK009000;2040
MAFQK009000;2041
MAFQK009000;2080
MAFQK009000;2701
MAFQK009000;2704
MAFQK009000;2705
MAFQK009000;3200
MAGC4003000;2020
MAGC4003000;2030
MAGC4003000;2033
MAGC4003000;2034
MAGC4003000;2040
MAGC4003000;2050
MAGC4003000;2080
MAGC4003000;2705
MAGC4003000;3200
MAGOG000000;2020
MAGOG000000;2030
MAGOG000000;2033
MAGOG000000;2034
MAGOG000000;2040
MAGOG000000;2050
MAGOG000000;2080
MAGOG000000;2705
MAGOG000000;3200
MAGOH000000;2020
MAGOH000000;2030
MAGOH000000;2033
MAGOH000000;2034
MAGOH000000;2040
MAGOH000000;2050
MAGOH000000;2080
MAGOH000000;2705
MAGOH000000;3200
MAGON000000;2020
MAGON000000;2030
MAGON000000;2033
MAGON000000;2034
MAGON000000;2040
MAGON000000;2050
MAGON000000;2080
MAGON000000;2705
MAGON000000;3200
MAGOO000000;2020
MAGOO000000;2030
MAGOO000000;2033
MAGOO000000;2034
MAGOO000000;2040
MAGOO000000;2050
MAGOO000000;2080
MAGOO000000;2705
MAGOO000000;3200
MAGOP000000;2020
MAGOP000000;2030
MAGOP000000;2033
MAGOP000000;2034
MAGOP000000;2040
MAGOP000000;2050
MAGOP000000;2080
MAGOP000000;2705
MAGOP000000;3200
MAGOR000000;2020
MAGOR000000;2030
MAGOR000000;2033
MAGOR000000;2034
MAGOR000000;2040
MAGOR000000;2050
MAGOR000000;2080
MAGOR000000;2705
MAGOR000000;3200
MAGOS000000;2020
MAGOS000000;2021
MAGOS000000;2030
MAGOS000000;2032
MAGOS000000;2033
MAGOS000000;2034
MAGOS000000;2035
MAGOS000000;2036
MAGOS000000;2040
MAGOS000000;2041
MAGOS000000;2080
MAGOS000000;2701
MAGOS000000;2704
MAGOS000000;2705
MAGOS000000;3200
MAGOT000000;2020
MAGOT000000;2021
MAGOT000000;2030
MAGOT000000;2032
MAGOT000000;2033
MAGOT000000;2034
MAGOT000000;2035
MAGOT000000;2036
MAGOT000000;2040
MAGOT000000;2041
MAGOT000000;2080
MAGOT000000;2701
MAGOT000000;2704
MAGOT000000;2705
MAGOT000000;3200
MAGOV000000;2020
MAGOV000000;2021
MAGOV000000;2030
MAGOV000000;2032
MAGOV000000;2033
MAGOV000000;2034
MAGOV000000;2035
MAGOV000000;2036
MAGOV000000;2040
MAGOV000000;2041
MAGOV000000;2080
MAGOV000000;2701
MAGOV000000;2704
MAGOV000000;2705
MAGOV000000;3200
Y1K11-CC480-110-3AR-C;2020
Y1K11-CC480-741-3AR-C;2020
Y1K11-CE150-001-3AR-C;2020
Y1K11-CE700-001-3AR-C;2020
Y1K11-CE700-002-3AR-C;2020
Y1K11-CE700-006-3AR-C;2020
Y1K11-CE700-009-3AR-C;2020
Y1K11-CE700-010-3AR-C;2020
Y1K11-CE700-011-3AR-C;2020
Y1K11-CG520-0L1-3AR-C;2020
Y1K11-CG520-0R1-3AR-C;2020
Y1K11-CR010-001-3AR-C;2020
Y1K11-CR050-001-3AR-C;2020
Y1K11-CR050-002-3AR-C;2020
Y1K11-CR050-003-3AR-C;2020
Y1K11-CR050-011-3AR-C;2020
Y1K11-CS030-021-3AR-C;2020
Y1K11-CS040-001-3AR-C;2020
Y1K11-CS040-00101-3AR-C;2020
Y1K11-CS040-021-3AR-C;2020
Y1K11-CS145-001-3AR-C;2020
Y1K11-CS145-051-3AR-C;2020
Y1K11-CS200-013-3AR-C;2020
Y1K11-CS200-014-3AR-C;2020
Y1K11-CS200-015-3AR-C;2020
Y1K11-CS200-016-3AR-C;2020
Y1K11-CS270-016-3AR-C;2020
Y1K11-CS270-021-3AR-C;2020
Y1K11-CS270-022-3AR-C;2020
Y1K11-CS270-023-3AR-C;2020
Y1K11-CS270-024-3AR-C;2020
Y1K11-CS340-001-3AR-C;2020
Y1K11-CS350-012-3AR-C;2020
Y1K11-CS350-013-3AR-C;2020
Y1K11-CS350-015-3AR-C;2020
Y1K11-CS350-016-3AR-C;2020
Y1K11-CS700-014-3AR-C;2020
Y1K11-CS700-015-3AR-C;2020
Y1K11-CS703-013-3AR-C;2020
Y1K11-CS703-014-3AR-C;2020
Y1K11-CS703-031-3AR-C;2020
Y1K11-CS703-032-3AR-C;2020
Y1K11-CS703-033-3AR-C;2020
Y1K11-CS703-034-3AR-C;2020
Y4311-CX006-023-8W1;2030
Y4311-CX006-024-8W1;2030
Y4311-CX006-025-8W1;2030
Y4311-CX006-026-8W1;2030
Y4311-CX006-027-8W1;2030
Y4311-CX006-028-8W1;2030
YK911-CC300-130-KT6;2040
